{
	"metadata": {
		"version": 4.5,
		"type": "Object",
		"generator": "Object3D.toJSON"
	},
	"geometries": [
		{
			"uuid": "mat_box",
			"type": "BoxBufferGeometry",
			"name": "mb",
			"width": 1,
			"height": 1,
			"depth": 1,
			"widthSegments": 1,
			"heightSegments": 1,
			"depthSegments": 1
		}],
	"materials": [
		{
			"uuid": "8189AB5F-1900-45E8-8097-0E574719FA1C",
			"type": "MeshPhysicalMaterial",
			"name": "acetate_black",
			"color": 0,
			"roughness": 0,
			"metalness": 0.5,
			"emissive": 0,
			"clearcoat": 1,
			"clearcoatRoughness": 1,
			"envMap": "1CE8C77D-4500-47BB-A48E-9094F24C6E56",
			"reflectivity": 1,
			"refractionRatio": 0.98,
			"envMapIntensity": 1,
			"transparent": true,
			"depthFunc": 3,
			"depthTest": true,
			"depthWrite": true,
			"stencilWrite": false,
			"stencilWriteMask": 255,
			"stencilFunc": 519,
			"stencilRef": 0,
			"stencilFuncMask": 255,
			"stencilFail": 7680,
			"stencilZFail": 7680,
			"stencilZPass": 7680
		},
		{
			"uuid": "4347C3FC-E678-4755-9881-DE25936B97BA",
			"type": "MeshPhysicalMaterial",
			"name": "acetate_blue",
			"color": 28339,
			"roughness": 0,
			"metalness": 0.2,
			"emissive": 0,
			"clearcoat": 1,
			"clearcoatRoughness": 1,
			"envMap": "96CCEB3E-0656-4D02-ADA2-9F2A30692AB0",
			"reflectivity": 1,
			"refractionRatio": 0.98,
			"envMapIntensity": 1,
			"transparent": true,
			"depthFunc": 3,
			"depthTest": true,
			"depthWrite": true,
			"stencilWrite": false,
			"stencilWriteMask": 255,
			"stencilFunc": 519,
			"stencilRef": 0,
			"stencilFuncMask": 255,
			"stencilFail": 7680,
			"stencilZFail": 7680,
			"stencilZPass": 7680
		},
		{
			"uuid": "0F745A32-6F81-428A-89A5-30A21E96B208",
			"type": "MeshPhongMaterial",
			"name": "glass_clear_old",
			"color": 13092807,
			"emissive": 0,
			"specular": 1579032,
			"shininess": 0,
			"envMap": "FD7114AD-A3F9-4AD5-B7A2-B0431D76F899",
			"reflectivity": 0.25,
			"refractionRatio": 0.98,
			"combine": 0,
			"opacity": 0.2,
			"transparent": true,
			"depthFunc": 3,
			"depthTest": true,
			"depthWrite": true,
			"stencilWrite": false,
			"stencilWriteMask": 255,
			"stencilFunc": 519,
			"stencilRef": 0,
			"stencilFuncMask": 255,
			"stencilFail": 7680,
			"stencilZFail": 7680,
			"stencilZPass": 7680
		},
		{
			"uuid": "42E7067E-0CDA-4747-9EB4-4FFE7D7A8E72",
			"type": "MeshPhongMaterial",
			"name": "logo_white",
			"color": 16711423,
			"emissive": 0,
			"specular": 1579032,
			"shininess": 0,
			"alphaMap": "3632B29D-727D-49D1-A2F2-4E5DCB79E96A",
			"transparent": true,
			"depthFunc": 3,
			"depthTest": true,
			"depthWrite": true,
			"stencilWrite": false,
			"stencilWriteMask": 255,
			"stencilFunc": 519,
			"stencilRef": 0,
			"stencilFuncMask": 255,
			"stencilFail": 7680,
			"stencilZFail": 7680,
			"stencilZPass": 7680
		},
		{
			"uuid": "38761C30-F26E-4A13-878A-9627FB83EAC9",
			"type": "MeshPhysicalMaterial",
			"name": "mat_occlusion_head",
			"color": 14392197,
			"roughness": 0.5,
			"metalness": 0.5,
			"emissive": 0,
			"clearcoat": 1,
			"clearcoatRoughness": 0.5,
			"envMap": "4E5593CC-F3CC-409B-B7ED-32AB4349CF92",
			"reflectivity": 1,
			"refractionRatio": 0.98,
			"envMapIntensity": 1,
			"transparent": true,
			"depthFunc": 3,
			"depthTest": true,
			"depthWrite": true,
			"stencilWrite": false,
			"stencilWriteMask": 255,
			"stencilFunc": 519,
			"stencilRef": 0,
			"stencilFuncMask": 255,
			"stencilFail": 7680,
			"stencilZFail": 7680,
			"stencilZPass": 7680
		},
		{
			"uuid": "0F26746E-E48E-4547-A351-25FB21F9F82C",
			"type": "MeshPhysicalMaterial",
			"name": "metal_inner_silver",
			"color": 11382189,
			"roughness": 0,
			"metalness": 0.86,
			"emissive": 0,
			"clearcoat": 0,
			"clearcoatRoughness": 0,
			"envMap": "5EACA613-9056-4EAF-A619-442F0AEC4F85",
			"reflectivity": 1,
			"refractionRatio": 0.98,
			"envMapIntensity": 1,
			"transparent": true,
			"depthFunc": 3,
			"depthTest": true,
			"depthWrite": true,
			"stencilWrite": false,
			"stencilWriteMask": 255,
			"stencilFunc": 519,
			"stencilRef": 0,
			"stencilFuncMask": 255,
			"stencilFail": 7680,
			"stencilZFail": 7680,
			"stencilZPass": 7680
		},
		{
			"uuid": "B24A31C7-8015-4A5A-9FBF-6D72D70AC144",
			"type": "MeshPhysicalMaterial",
			"name": "metal_pearl_gold",
			"color": 16769095,
			"roughness": 0.1,
			"metalness": 1,
			"emissive": 0,
			"clearcoat": 1,
			"clearcoatRoughness": 1,
			"envMap": "AEE9F3C0-BA42-41AF-B0DD-D6D752AB07D1",
			"reflectivity": 1,
			"refractionRatio": 0.98,
			"envMapIntensity": 1,
			"transparent": true,
			"depthFunc": 3,
			"depthTest": true,
			"depthWrite": true,
			"stencilWrite": false,
			"stencilWriteMask": 255,
			"stencilFunc": 519,
			"stencilRef": 0,
			"stencilFuncMask": 255,
			"stencilFail": 7680,
			"stencilZFail": 7680,
			"stencilZPass": 7680
		}],
	"textures": [
		{
			"uuid": "1CE8C77D-4500-47BB-A48E-9094F24C6E56",
			"name": "evn_map_common_v6.png",
			"mapping": 303,
			"repeat": [1,1],
			"offset": [0,0],
			"center": [0,0],
			"rotation": 0,
			"wrap": [1001,1001],
			"format": 1023,
			"type": 1009,
			"encoding": 3001,
			"minFilter": 1008,
			"magFilter": 1006,
			"anisotropy": 1,
			"flipY": true,
			"premultiplyAlpha": false,
			"unpackAlignment": 4,
			"image": "B5237DC8-8074-4C66-9654-8085563A7FC8"
		},
		{
			"uuid": "96CCEB3E-0656-4D02-ADA2-9F2A30692AB0",
			"name": "evn_map_common_v6.png",
			"mapping": 303,
			"repeat": [1,1],
			"offset": [0,0],
			"center": [0,0],
			"rotation": 0,
			"wrap": [1001,1001],
			"format": 1023,
			"type": 1009,
			"encoding": 3001,
			"minFilter": 1008,
			"magFilter": 1006,
			"anisotropy": 1,
			"flipY": true,
			"premultiplyAlpha": false,
			"unpackAlignment": 4,
			"image": "B5237DC8-8074-4C66-9654-8085563A7FC8"
		},
		{
			"uuid": "FD7114AD-A3F9-4AD5-B7A2-B0431D76F899",
			"name": "evn_map_common_v6.png",
			"mapping": 303,
			"repeat": [1,1],
			"offset": [0,0],
			"center": [0,0],
			"rotation": 0,
			"wrap": [1001,1001],
			"format": 1023,
			"type": 1009,
			"encoding": 3001,
			"minFilter": 1008,
			"magFilter": 1006,
			"anisotropy": 1,
			"flipY": true,
			"premultiplyAlpha": false,
			"unpackAlignment": 4,
			"image": "B5237DC8-8074-4C66-9654-8085563A7FC8"
		},
		{
			"uuid": "3632B29D-727D-49D1-A2F2-4E5DCB79E96A",
			"name": "logo_white.jpg",
			"mapping": 300,
			"repeat": [1,1],
			"offset": [0,0],
			"center": [0,0],
			"rotation": 0,
			"wrap": [1001,1001],
			"format": 1022,
			"type": 1009,
			"encoding": 3000,
			"minFilter": 1008,
			"magFilter": 1006,
			"anisotropy": 1,
			"flipY": true,
			"premultiplyAlpha": false,
			"unpackAlignment": 4,
			"image": "CFA302AA-83DF-47A3-8C72-2D6F3EDC50D3"
		},
		{
			"uuid": "4E5593CC-F3CC-409B-B7ED-32AB4349CF92",
			"name": "evn_map_common_v6.png",
			"mapping": 303,
			"repeat": [1,1],
			"offset": [0,0],
			"center": [0,0],
			"rotation": 0,
			"wrap": [1001,1001],
			"format": 1023,
			"type": 1009,
			"encoding": 3001,
			"minFilter": 1008,
			"magFilter": 1006,
			"anisotropy": 1,
			"flipY": true,
			"premultiplyAlpha": false,
			"unpackAlignment": 4,
			"image": "B5237DC8-8074-4C66-9654-8085563A7FC8"
		},
		{
			"uuid": "5EACA613-9056-4EAF-A619-442F0AEC4F85",
			"name": "evn_map_common_v6.png",
			"mapping": 303,
			"repeat": [1,1],
			"offset": [0,0],
			"center": [0,0],
			"rotation": 0,
			"wrap": [1001,1001],
			"format": 1023,
			"type": 1009,
			"encoding": 3001,
			"minFilter": 1008,
			"magFilter": 1006,
			"anisotropy": 1,
			"flipY": true,
			"premultiplyAlpha": false,
			"unpackAlignment": 4,
			"image": "B5237DC8-8074-4C66-9654-8085563A7FC8"
		},
		{
			"uuid": "AEE9F3C0-BA42-41AF-B0DD-D6D752AB07D1",
			"name": "evn_map_common_v6.png",
			"mapping": 303,
			"repeat": [1,1],
			"offset": [0,0],
			"center": [0,0],
			"rotation": 0,
			"wrap": [1001,1001],
			"format": 1023,
			"type": 1009,
			"encoding": 3001,
			"minFilter": 1008,
			"magFilter": 1006,
			"anisotropy": 1,
			"flipY": true,
			"premultiplyAlpha": false,
			"unpackAlignment": 4,
			"image": "B5237DC8-8074-4C66-9654-8085563A7FC8"
		}],
	"images": [
		{
			"uuid": "B5237DC8-8074-4C66-9654-8085563A7FC8",
			"url": "evn_map_common_v6.jpg"
		},
		{
			"uuid": "CFA302AA-83DF-47A3-8C72-2D6F3EDC50D3",
			"url": "logo_white.jpg"
		}],
	"object": {
		"uuid": "BD9AA793-CC1C-49F8-9D34-5305D7535211",
		"type": "Group",
		"name": "collection",
		"layers": 1,
		"matrix": [1,0,0,0,0,1,0,0,0,0,1,0,0,0,0,1],
		"children": [
			{
				"uuid": "12456E96-73D3-4783-8288-1D14785D172B",
				"type": "Mesh",
				"name": "mb",
				"renderOrder": 10,
				"layers": 1,
				"matrix": [1,0,0,0,0,1,0,0,0,0,1,0,0,0,0,1],
				"geometry": "mat_box",
				"material": "8189AB5F-1900-45E8-8097-0E574719FA1C"
			},
			{
				"uuid": "4B06A6A6-9354-4A6D-A555-B27995F97FDF",
				"type": "Mesh",
				"name": "mb",
				"renderOrder": 10,
				"layers": 1,
				"matrix": [1,0,0,0,0,1,0,0,0,0,1,0,0,0,0,1],
				"geometry": "mat_box",
				"material": "4347C3FC-E678-4755-9881-DE25936B97BA"
			},
			{
				"uuid": "5D15A709-7A56-419F-A1DA-3BC7CEF723BF",
				"type": "Mesh",
				"name": "mb",
				"renderOrder": 10,
				"layers": 1,
				"matrix": [1,0,0,0,0,1,0,0,0,0,1,0,0,0,0,1],
				"geometry": "mat_box",
				"material": "0F745A32-6F81-428A-89A5-30A21E96B208"
			},
			{
				"uuid": "8859FB43-936A-444E-8322-670CD24B0EAB",
				"type": "Mesh",
				"name": "mb",
				"renderOrder": 10,
				"layers": 1,
				"matrix": [1,0,0,0,0,1,0,0,0,0,1,0,0,0,0,1],
				"geometry": "mat_box",
				"material": "42E7067E-0CDA-4747-9EB4-4FFE7D7A8E72"
			},
			{
				"uuid": "6E2B45ED-9DC4-485A-9EDC-3DB801835462",
				"type": "Mesh",
				"name": "mb",
				"layers": 1,
				"matrix": [1,0,0,0,0,1,0,0,0,0,1,0,0,0,0,1],
				"geometry": "mat_box",
				"material": "38761C30-F26E-4A13-878A-9627FB83EAC9"
			},
			{
				"uuid": "CBEA5D93-CA69-48FF-AB3C-3F190DB439E0",
				"type": "Mesh",
				"name": "mb",
				"renderOrder": 10,
				"layers": 1,
				"matrix": [1,0,0,0,0,1,0,0,0,0,1,0,0,0,0,1],
				"geometry": "mat_box",
				"material": "0F26746E-E48E-4547-A351-25FB21F9F82C"
			},
			{
				"uuid": "5A8294CC-8912-4B71-837A-29BF7C8C66F0",
				"type": "Mesh",
				"name": "mb",
				"renderOrder": 10,
				"layers": 1,
				"matrix": [1,0,0,0,0,1,0,0,0,0,1,0,0,0,0,1],
				"geometry": "mat_box",
				"material": "B24A31C7-8015-4A5A-9FBF-6D72D70AC144"
			}]
	}
}